Model,MSE,MAE,R2
Baseline (Linear Regression),631.1587433870468,18.537782193847967,0.9667614944779575
LSTM Univariado,979.0430336209172,24.13825346362765,0.9483910124267197
CNN Univariado,1797.2814102958496,32.56892699924728,0.9052564605915006
LSTM Multivariado,9798.632308104066,82.79647366977693,0.4830524869790699
